flat_id,destination_id,pt_total,pt_walk,pt_bus,pt_rail,pt_transit,pt_transfers,pt_fare,drive_total,cycle_total,walk_total
"R01","D01","28","13","15","0","15","0","1.59","12","48","72"
"R01","D02","64","20","16","21","37","1","2.24","28","161","226"
"R01","D03","26","4","9","5","15","1","1.68","11","57","68"
"R01","D04","30","8","15","2","18","1","1.21","12","59","72"
"R01","D05","24","11","12","0","12","0","1.38","9","24","47"
"R01","D06","64","19","13","28","41","1","2.3","32","184","243"
"R01","D07","33","5","27","0","27","0","1.82","18","107","118"
"R01","D08","79","21","17","34","51","1","2.26","38","153","297"
"R01","D09","22","5","17","0","17","0","1.49","10","44","51"
"R01","D10","24","14","9","0","9","0","1.28","6","29","40"
"R02","D01","35","11","7","13","20","1","1.9","14","64","104"
"R02","D02","62","24","8","27","36","1","2.27","31","177","250"
"R02","D03","17","11","0","5","5","0","1.38","7","51","40"
"R02","D04","24","18","0","5","5","0","1.38","8","54","45"
"R02","D05","28","20","0","8","8","0","1.49","12","41","74"
"R02","D06","57","19","0","34","34","0","2.24","30","179","215"
"R02","D07","43","13","10","13","23","1","1.94","21","124","142"
"R02","D08","69","11","15","37","52","1","2.3","37","170","290"
"R02","D09","18","8","3","2","6","1","1.28","7","38","39"
"R02","D10","10","10","0","0","0","0","0.0","3","7","10"
"R03","D01","29","9","7","8","15","1","1.75","13","62","72"
"R03","D02","58","21","13","21","34","1","2.2","29","176","216"
"R03","D03","19","9","0","10","10","0","1.68","10","42","63"
"R03","D04","26","15","0","10","10","0","1.68","11","45","70"
"R03","D05","21","17","0","3","3","0","1.28","8","39","40"
"R03","D06","57","16","7","32","39","1","2.33","34","170","239"
"R03","D07","33","14","3","13","17","1","1.86","19","122","107"
"R03","D08","66","12","9","37","47","1","2.28","37","168","289"
"R03","D09","24","9","14","0","14","0","1.49","9","29","43"
"R03","D10","31","27","0","3","3","0","1.28","9","35","45"
"R04","D01","23","6","7","6","14","1","1.68","13","66","55"
"R04","D02","52","17","13","19","32","1","2.11","29","146","197"
"R04","D03","18","5","0","12","12","0","1.75","15","80","82"
"R04","D04","24","12","0","12","12","0","1.75","16","82","88"
"R04","D05","15","13","0","1","1","0","1.28","5","9","21"
"R04","D06","56","12","7","34","41","1","2.36","36","207","254"
"R04","D07","30","7","10","6","16","1","1.75","18","93","89"
"R04","D08","61","8","9","35","45","1","2.42","36","139","274"
"R04","D09","25","5","17","0","17","0","1.49","15","67","57"
"R04","D10","27","16","1","6","7","1","1.49","14","47","63"
"R05","D01","53","6","31","10","42","1","2.11","26","122","167"
"R05","D02","92","29","8","49","57","1","2.38","32","188","293"
"R05","D03","27","5","6","13","19","1","1.82","15","73","93"
"R05","D04","34","7","6","14","20","1","1.86","16","75","99"
"R05","D05","40","10","7","11","19","1","1.86","21","98","133"
"R05","D06","59","15","14","25","39","1","2.11","22","212","177"
"R05","D07","66","5","47","3","51","1","2.2","25","135","193"
"R05","D08","49","11","7","26","33","1","1.88","29","194","203"
"R05","D09","20","7","1","7","9","1","1.59","14","41","71"
"R05","D10","50","24","12","7","20","1","1.82","16","81","108"
"R06","D01","52","16","19","11","30","1","1.98","25","119","153"
"R06","D02","79","18","8","47","55","1","2.38","30","185","279"
"R06","D03","19","6","0","13","13","0","1.68","16","70","85"
"R06","D04","26","11","0","14","14","0","1.75","17","72","91"
"R06","D05","35","14","6","11","17","1","1.82","19","95","120"
"R06","D06","55","16","11","25","36","1","2.07","22","220","186"
"R06","D07","57","10","3","37","41","1","2.15","23","132","180"
"R06","D08","46","10","5","27","33","1","1.89","32","202","214"
"R06","D09","12","6","0","6","6","0","1.38","13","38","57"
"R06","D10","40","29","0","8","8","0","1.59","17","78","99"
"R07","D01","57","8","14","27","41","1","2.24","21","110","154"
"R07","D02","80","23","11","39","51","1","2.42","33","223","281"
"R07","D03","22","11","2","5","8","1","1.38","9","31","55"
"R07","D04","23","10","0","9","10","0","1.21","9","34","61"
"R07","D05","41","22","0","13","13","0","1.86","20","86","120"
"R07","D06","47","16","0","27","28","0","1.98","22","108","157"
"R07","D07","60","14","8","30","38","1","2.24","26","169","182"
"R07","D08","68","17","12","30","43","1","2.08","32","215","241"
"R07","D09","25","13","0","7","7","0","1.49","9","25","51"
"R07","D10","37","27","0","9","9","0","1.59","10","69","71"
"R08","D01","53","8","14","23","37","1","2.15","21","110","158"
"R08","D02","80","20","12","39","52","1","2.42","33","223","285"
"R08","D03","23","15","0","7","7","0","1.49","9","32","56"
"R08","D04","21","11","0","9","9","0","1.59","9","35","62"
"R08","D05","43","21","0","13","13","0","1.86","20","87","124"
"R08","D06","45","17","0","27","27","0","1.98","22","99","153"
"R08","D07","61","12","9","30","39","1","2.24","26","170","186"
"R08","D08","69","23","13","27","41","1","2.02","32","216","241"
"R08","D09","24","13","0","7","7","0","1.49","9","28","55"
"R08","D10","36","26","0","9","9","0","1.59","10","69","75"
"R09","D01","52","7","7","30","38","1","1.98","21","99","136"
"R09","D02","77","19","8","44","53","1","2.33","31","167","262"
"R09","D03","17","6","0","10","10","0","1.59","11","42","65"
"R09","D04","24","8","0","11","11","0","1.68","12","44","72"
"R09","D05","40","17","9","7","16","1","1.75","20","76","102"
"R09","D06","54","13","7","28","35","1","2.15","24","118","182"
"R09","D07","59","10","5","35","41","1","2.11","24","113","162"
"R09","D08","52","11","5","30","35","1","1.97","31","159","226"
"R09","D09","10","7","0","3","3","0","1.28","9","18","35"
"R09","D10","38","29","0","6","6","0","1.38","11","58","77"
"R10","D01","49","13","7","25","33","1","2.11","20","103","154"
"R10","D02","75","25","8","39","48","1","2.4","34","217","287"
"R10","D03","18","12","0","5","5","0","1.28","6","25","43"
"R10","D04","20","13","0","7","7","0","1.38","7","28","48"
"R10","D05","41","21","0","20","20","0","1.86","19","80","120"
"R10","D06","45","20","0","22","22","0","1.94","23","96","157"
"R10","D07","57","16","5","30","36","1","2.2","27","163","184"
"R10","D08","72","18","13","30","44","1","2.1","34","209","254"
"R10","D09","25","13","0","8","8","0","1.49","8","27","47"
"R10","D10","39","23","16","0","16","0","1.38","10","62","64"
"R11","D01","69","13","10","38","49","1","2.4","33","195","262"
"R11","D02","94","30","8","53","61","1","2.49","44","309","393"
"R11","D03","36","18","0","18","18","0","1.9","21","117","147"
"R11","D04","43","24","0","18","18","0","1.9","20","113","146"
"R11","D05","60","26","0","33","33","0","2.2","32","172","228"
"R11","D06","25","11","14","0","14","0","1.38","10","45","54"
"R11","D07","76","20","7","43","51","1","2.43","37","255","293"
"R11","D08","93","28","2","56","58","1","2.68","44","241","312"
"R11","D09","44","18","0","21","21","0","1.98","24","135","155"
"R11","D10","61","24","4","25","29","1","2.15","25","154","169"
"R12","D01","59","10","7","38","46","1","2.38","32","190","256"
"R12","D02","87","21","8","53","61","1","2.49","40","303","387"
"R12","D03","28","9","0","18","18","0","1.9","21","112","142"
"R12","D04","34","15","0","18","18","0","1.9","21","107","140"
"R12","D05","51","17","0","33","33","0","2.2","29","166","223"
"R12","D06","28","17","0","8","8","0","1.38","10","36","54"
"R12","D07","65","10","10","38","49","1","2.4","33","249","287"
"R12","D08","83","13","5","56","62","1","2.72","40","236","301"
"R12","D09","35","9","0","21","21","0","1.98","20","129","149"
"R12","D10","50","20","1","25","26","1","2.11","21","149","164"
"R13","D01","66","9","12","38","50","1","2.26","33","199","260"
"R13","D02","93","21","13","53","67","1","2.5","41","312","391"
"R13","D03","34","8","4","18","22","1","1.55","22","121","146"
"R13","D04","37","6","5","21","26","1","2.02","23","116","144"
"R13","D05","57","16","4","33","37","1","1.98","30","175","226"
"R13","D06","34","12","5","15","20","1","1.94","13","37","63"
"R13","D07","72","12","9","43","53","1","2.39","34","258","291"
"R13","D08","102","18","60","14","75","1","2.43","41","277","291"
"R13","D09","41","8","4","21","25","1","1.63","21","138","153"
"R13","D10","58","23","9","18","27","1","2.02","23","158","168"
"R14","D01","65","6","8","45","54","1","2.43","34","229","301"
"R14","D02","93","18","8","60","69","1","2.53","43","342","432"
"R14","D03","35","6","0","25","26","0","2.11","24","150","186"
"R14","D04","42","16","0","25","25","0","2.11","25","146","185"
"R14","D05","58","14","0","40","41","0","2.14","32","205","267"
"R14","D06","26","7","19","0","19","0","1.49","7","23","33"
"R14","D07","72","9","6","50","57","1","2.47","36","288","332"
"R14","D08","91","14","5","63","68","1","2.94","41","256","333"
"R14","D09","42","6","0","28","29","0","2.2","23","168","194"
"R14","D10","59","17","2","31","34","1","2.27","24","187","208"
"R15","D01","71","9","12","45","57","1","2.48","38","224","309"
"R15","D02","102","21","13","60","73","1","2.54","46","338","436"
"R15","D03","42","9","5","25","30","1","1.78","27","146","198"
"R15","D04","42","7","0","31","32","0","1.86","28","142","197"
"R15","D05","65","16","0","44","44","0","2.4","35","201","276"
"R15","D06","22","17","0","5","5","0","1.38","9","32","38"
"R15","D07","82","23","5","50","55","1","2.46","39","284","336"
"R15","D08","95","6","82","0","82","0","2.42","38","244","327"
"R15","D09","-1","-1","-1","-1","-1","0","0.0","26","164","205"
"R15","D10","64","21","7","28","36","1","2.27","27","183","220"
"R16","D01","71","8","8","47","56","1","2.45","39","223","300"
"R16","D02","97","20","9","62","72","1","2.54","48","337","427"
"R16","D03","39","8","1","27","29","1","2.15","28","145","194"
"R16","D04","36","5","0","27","28","0","1.8","29","141","195"
"R16","D05","62","16","1","42","44","1","2.23","36","200","267"
"R16","D06","22","15","0","7","7","0","1.49","12","31","54"
"R16","D07","76","12","6","53","59","1","2.48","41","283","327"
"R16","D08","87","5","76","0","76","0","2.35","37","253","311"
"R16","D09","46","8","1","30","31","1","1.88","27","163","197"
"R16","D10","58","26","4","24","29","1","2.2","29","182","216"
"R17","D01","79","7","11","51","62","1","2.48","41","256","329"
"R17","D02","107","20","12","66","78","1","2.57","50","370","455"
"R17","D03","46","7","4","31","35","1","2.27","31","178","223"
"R17","D04","52","14","4","31","35","1","2.27","31","173","224"
"R17","D05","69","16","4","46","50","1","2.43","39","233","296"
"R17","D06","35","13","10","5","15","1","1.59","12","64","71"
"R17","D07","86","12","9","56","66","1","2.82","43","316","356"
"R17","D08","99","20","73","0","73","0","2.2","37","211","305"
"R17","D09","53","7","4","34","38","1","2.33","29","196","226"
"R17","D10","70","25","4","37","42","1","2.33","31","215","245"
"R18","D01","75","8","10","51","62","1","2.48","41","251","319"
"R18","D02","103","20","10","66","76","1","2.57","50","365","446"
"R18","D03","43","7","2","31","33","1","2.27","30","173","213"
"R18","D04","50","14","2","31","33","1","2.27","29","169","214"
"R18","D05","67","15","2","46","48","1","2.42","38","228","286"
"R18","D06","37","18","7","7","14","1","1.68","13","74","81"
"R18","D07","83","15","3","56","60","1","2.5","43","311","346"
"R18","D08","89","21","64","0","64","0","2.08","35","197","290"
"R18","D09","51","7","2","34","36","1","2.3","29","142","216"
"R18","D10","68","25","2","37","40","1","2.33","31","210","235"
"R19","D01","51","6","7","33","41","1","2.3","28","168","218"
"R19","D02","77","18","8","48","56","1","2.46","37","281","348"
"R19","D03","19","6","0","13","13","0","1.75","18","90","103"
"R19","D04","26","12","0","13","13","0","1.75","18","85","103"
"R19","D05","42","14","0","28","28","0","2.07","26","144","184"
"R19","D06","30","14","0","13","13","0","1.68","15","63","94"
"R19","D07","59","9","5","38","44","1","2.36","30","227","248"
"R19","D08","76","10","5","51","57","1","2.57","37","202","274"
"R19","D09","26","6","0","16","16","0","1.86","17","107","111"
"R19","D10","41","17","1","19","21","1","1.94","18","127","125"
"R20","D01","58","8","7","33","40","1","2.33","26","149","223"
"R20","D02","86","21","8","48","56","1","2.48","39","262","356"
"R20","D03","30","5","7","13","20","1","1.82","13","71","103"
"R20","D04","28","3","7","10","17","1","1.82","13","66","102"
"R20","D05","50","17","0","28","28","0","2.15","25","125","189"
"R20","D06","44","11","32","0","32","0","1.86","15","70","104"
"R20","D07","66","12","5","38","44","1","2.4","32","208","254"
"R20","D08","78","25","7","38","45","1","2.43","38","232","287"
"R20","D09","32","9","0","22","22","0","1.98","17","88","116"
"R20","D10","46","26","0","19","19","0","1.94","19","107","130"
"R21","D01","71","16","29","17","46","1","2.3","30","149","-1"
"R21","D02","82","37","8","29","38","1","2.33","26","166","237"
"R21","D03","61","10","4","43","48","1","2.37","34","186","307"
"R21","D04","66","12","4","44","49","1","2.4","35","188","313"
"R21","D05","58","18","3","30","33","1","2.0","30","115","237"
"R21","D06","106","19","70","7","77","1","2.49","39","304","388"
"R21","D07","48","15","6","20","27","1","1.73","28","113","199"
"R21","D08","26","10","13","0","13","0","1.15","7","42","40"
"R21","D09","54","10","4","36","41","1","2.18","30","173","266"
"R21","D10","77","28","3","39","42","1","2.25","35","153","301"
"R22","D01","56","14","7","28","36","1","2.33","30","146","225"
"R22","D02","74","26","8","32","40","1","2.38","26","163","237"
"R22","D03","54","6","1","43","45","1","2.31","34","183","294"
"R22","D04","57","9","1","40","41","1","2.21","35","185","300"
"R22","D05","57","14","1","33","34","1","2.07","30","112","237"
"R22","D06","95","15","66","7","73","1","2.44","38","287","374"
"R22","D07","47","10","6","23","30","1","1.83","28","110","200"
"R22","D08","18","5","10","0","10","0","1.12","7","26","32"
"R22","D09","47","6","1","36","37","1","2.12","30","170","261"
"R22","D10","68","26","1","37","38","1","2.11","35","150","301"
"R23","D01","46","7","7","25","32","1","2.27","29","141","211"
"R23","D02","63","20","8","29","38","1","2.33","25","158","222"
"R23","D03","54","7","0","46","46","0","2.42","33","177","295"
"R23","D04","60","9","0","47","47","0","2.43","34","180","302"
"R23","D05","50","15","0","30","30","0","2.3","29","107","222"
"R23","D06","88","19","0","60","60","0","2.51","38","292","384"
"R23","D07","39","9","3","20","24","1","2.07","27","105","185"
"R23","D08","24","12","4","4","8","1","1.15","10","31","47"
"R23","D09","46","7","0","39","39","0","2.33","29","165","251"
"R23","D10","65","18","1","39","40","1","2.42","33","145","287"
"R24","D01","68","17","7","39","46","1","2.42","40","199","284"
"R24","D02","90","29","8","43","52","1","2.47","37","217","296"
"R24","D03","45","7","3","32","36","1","2.3","31","236","235"
"R24","D04","50","8","3","33","36","1","2.33","32","239","241"
"R24","D05","57","17","3","31","34","1","2.33","37","166","255"
"R24","D06","83","14","59","7","66","1","2.25","35","240","302"
"R24","D07","59","10","8","34","43","1","2.19","38","163","259"
"R24","D08","32","8","21","0","21","0","1.26","11","43","51"
"R24","D09","38","7","3","25","28","1","2.2","30","223","202"
"R24","D10","66","30","3","28","31","1","2.24","32","203","244"
"R25","D01","62","10","7","39","46","1","2.42","42","197","292"
"R25","D02","81","23","8","43","52","1","2.47","39","215","310"
"R25","D03","43","10","0","32","32","0","2.24","32","234","238"
"R25","D04","50","15","0","34","34","0","2.27","33","236","244"
"R25","D05","54","21","0","31","31","0","2.27","39","164","259"
"R25","D06","75","22","0","46","46","0","2.42","35","228","300"
"R25","D07","58","14","5","34","40","1","2.14","41","161","272"
"R25","D08","30","14","5","8","13","1","1.28","13","41","66"
"R25","D09","36","10","0","25","25","0","2.11","31","221","205"
"R25","D10","67","31","0","33","33","0","2.24","32","201","248"
"R26","D01","73","18","7","42","49","1","2.38","40","208","281"
"R26","D02","92","31","8","46","54","1","2.48","37","226","304"
"R26","D03","45","10","2","30","32","1","2.24","29","245","227"
"R26","D04","52","15","2","31","34","1","2.27","31","247","233"
"R26","D05","56","21","2","28","31","1","2.27","36","175","247"
"R26","D06","89","25","52","7","59","1","2.15","33","224","289"
"R26","D07","62","9","12","34","47","1","2.43","39","172","266"
"R26","D08","39","9","12","8","20","1","1.38","16","52","80"
"R26","D09","38","10","2","22","25","1","2.11","28","232","194"
"R26","D10","68","27","12","22","35","1","2.24","30","212","236"
"R27","D01","57","11","7","34","41","1","2.4","39","179","286"
"R27","D02","76","23","8","38","47","1","2.44","36","196","298"
"R27","D03","46","5","0","37","38","0","2.36","36","216","265"
"R27","D04","51","7","0","38","39","0","2.38","37","218","271"
"R27","D05","58","16","0","36","37","0","2.38","39","145","285"
"R27","D06","82","23","0","51","51","0","2.45","39","255","333"
"R27","D07","53","15","5","29","35","1","1.99","37","143","261"
"R27","D08","26","15","5","3","8","1","1.13","8","22","38"
"R27","D09","39","6","0","30","31","0","2.27","35","203","232"
"R27","D10","69","34","0","33","33","0","2.3","36","183","274"
"R28","D01","64","17","7","34","41","1","2.4","39","180","287"
"R28","D02","83","30","8","38","47","1","2.44","36","197","299"
"R28","D03","52","8","3","37","41","1","2.13","37","217","274"
"R28","D04","59","10","3","38","42","1","2.17","38","219","280"
"R28","D05","64","18","3","36","39","1","2.14","40","146","294"
"R28","D06","93","24","7","55","62","1","2.45","41","260","342"
"R28","D07","58","12","9","29","39","1","2.04","37","144","261"
"R28","D08","32","12","9","3","12","1","1.18","8","23","35"
"R28","D09","45","8","3","30","34","1","1.94","36","204","241"
"R28","D10","77","29","3","38","41","1","2.16","37","184","283"
"R29","D01","59","14","11","27","39","1","2.27","32","201","212"
"R29","D02","92","22","8","53","61","1","2.45","38","218","333"
"R29","D03","33","9","0","23","23","0","1.98","22","175","158"
"R29","D04","39","15","0","24","24","0","2.02","23","170","164"
"R29","D05","46","20","0","21","21","0","2.02","26","230","179"
"R29","D06","64","21","0","37","37","0","2.24","31","172","222"
"R29","D07","67","14","23","21","45","1","2.33","32","165","239"
"R29","D08","40","14","5","18","23","1","1.6","23","84","135"
"R29","D09","25","10","0","15","15","0","1.86","21","64","125"
"R29","D10","57","30","0","23","23","0","1.98","22","212","168"
"R30","D01","46","7","7","25","32","1","2.27","29","141","211"
"R30","D02","63","20","8","29","38","1","2.33","25","158","222"
"R30","D03","54","7","0","46","46","0","2.42","33","177","295"
"R30","D04","60","9","0","47","47","0","2.43","34","180","302"
"R30","D05","50","15","0","30","30","0","2.3","29","107","222"
"R30","D06","88","19","0","60","60","0","2.51","38","292","384"
"R30","D07","39","9","3","20","24","1","2.07","27","105","185"
"R30","D08","24","12","4","4","8","1","1.15","10","31","47"
"R30","D09","46","7","0","39","39","0","2.33","29","165","251"
"R30","D10","65","18","1","39","40","1","2.42","33","145","287"
"R31","D01","59","15","20","17","38","1","2.15","28","245","208"
"R31","D02","96","27","8","54","63","1","2.43","36","321","333"
"R31","D03","33","8","2","20","23","1","1.98","17","167","152"
"R31","D04","41","9","2","21","24","1","2.02","18","163","158"
"R31","D05","46","18","2","19","21","1","1.98","24","222","174"
"R31","D06","65","17","11","31","43","1","2.24","27","165","210"
"R31","D07","70","10","7","44","52","1","2.36","29","267","234"
"R31","D08","44","10","8","18","26","1","1.64","22","147","144"
"R31","D09","26","8","2","13","15","1","1.82","16","60","120"
"R31","D10","59","22","15","15","31","1","2.02","18","204","162"
"R32","D01","53","12","11","24","36","1","2.2","29","259","199"
"R32","D02","95","24","8","54","62","1","2.43","36","335","325"
"R32","D03","35","6","4","20","24","1","1.98","19","181","145"
"R32","D04","42","13","4","22","26","1","2.02","20","176","151"
"R32","D05","40","18","0","18","18","0","1.94","23","236","165"
"R32","D06","70","12","31","22","54","1","2.3","28","179","213"
"R32","D07","66","13","23","18","42","1","2.27","29","281","225"
"R32","D08","46","13","14","12","26","1","1.58","24","161","152"
"R32","D09","28","7","4","13","17","1","1.86","18","57","112"
"R32","D10","52","30","0","21","21","0","1.98","19","218","154"
"R33","D01","69","9","21","26","48","1","2.33","31","191","240"
"R33","D02","103","19","40","36","76","1","2.8","40","305","366"
"R33","D03","39","11","3","17","21","1","1.94","20","113","143"
"R33","D04","43","10","3","20","24","1","1.98","21","109","149"
"R33","D05","51","15","10","20","31","1","2.11","29","168","206"
"R33","D06","53","12","18","17","35","1","2.11","21","140","147"
"R33","D07","76","14","27","23","51","1","2.36","33","251","266"
"R33","D08","68","20","20","20","40","1","1.87","31","166","212"
"R33","D09","41","11","3","17","20","1","1.9","19","82","138"
"R33","D10","52","24","3","19","23","1","1.94","20","150","158"
"R34","D01","57","16","8","24","33","1","2.2","28","192","223"
"R34","D02","92","27","8","49","57","1","2.53","38","305","348"
"R34","D03","33","12","0","17","17","0","1.9","18","114","125"
"R34","D04","36","11","0","20","20","0","1.94","19","109","131"
"R34","D05","43","15","4","20","24","1","2.02","27","169","189"
"R34","D06","55","17","4","27","31","1","2.02","23","156","148"
"R34","D07","64","11","23","23","46","1","2.33","31","252","249"
"R34","D08","75","25","19","24","43","1","2.33","31","183","209"
"R34","D09","33","12","0","17","17","0","1.86","17","82","120"
"R34","D10","45","26","0","19","19","0","1.9","18","151","140"
"R35","D01","78","19","11","40","52","1","2.42","38","254","294"
"R35","D02","111","38","8","58","67","1","2.51","44","367","419"
"R35","D03","49","10","8","23","32","1","2.15","27","176","196"
"R35","D04","49","12","2","29","32","1","2.2","27","171","202"
"R35","D05","60","15","8","29","38","1","2.3","36","230","260"
"R35","D06","52","18","23","7","30","1","1.98","18","136","160"
"R35","D07","84","22","23","32","56","1","2.44","40","313","320"
"R35","D08","70","10","53","0","53","0","2.3","29","199","217"
"R35","D09","49","13","2","26","28","1","2.15","27","144","191"
"R35","D10","58","24","2","26","29","1","2.15","28","212","212"
"R36","D01","80","22","7","44","51","1","2.42","38","250","293"
"R36","D02","108","34","8","58","67","1","2.51","43","364","418"
"R36","D03","46","11","2","26","29","1","1.77","27","172","195"
"R36","D04","47","10","2","29","32","1","1.84","27","168","201"
"R36","D05","57","16","2","32","34","1","1.96","36","227","259"
"R36","D06","54","12","38","0","38","0","1.55","18","132","161"
"R36","D07","82","19","23","32","56","1","2.44","40","310","319"
"R36","D08","72","14","52","0","52","0","2.3","27","196","215"
"R36","D09","47","11","2","26","28","1","2.15","26","141","190"
"R36","D10","59","25","2","26","29","1","1.76","28","209","211"
"R37","D01","78","21","7","44","51","1","2.42","41","243","301"
"R37","D02","107","33","8","58","67","1","2.51","45","356","427"
"R37","D03","46","9","4","26","31","1","2.2","29","164","211"
"R37","D04","48","8","4","29","34","1","2.24","29","160","217"
"R37","D05","58","13","4","32","37","1","2.33","38","219","268"
"R37","D06","61","14","41","1","43","1","1.65","21","125","166"
"R37","D07","81","17","23","32","56","1","2.44","43","302","328"
"R37","D08","75","19","38","11","49","1","1.96","29","188","221"
"R37","D09","48","9","4","26","31","1","2.15","29","133","207"
"R37","D10","60","32","0","28","28","0","2.15","31","201","227"
"R38","D01","72","17","11","36","47","1","2.38","35","208","266"
"R38","D02","107","35","8","54","62","1","2.68","43","322","392"
"R38","D03","42","11","0","25","25","0","2.07","23","130","169"
"R38","D04","45","10","0","28","28","0","2.15","23","125","175"
"R38","D05","53","16","0","31","31","0","2.27","32","185","233"
"R38","D06","60","17","27","7","34","1","1.67","20","127","155"
"R38","D07","79","20","23","27","51","1","2.4","36","268","293"
"R38","D08","76","6","61","0","61","0","2.07","30","148","208"
"R38","D09","43","11","0","25","25","0","2.07","23","98","164"
"R38","D10","54","25","0","27","27","0","2.11","24","167","184"
"R39","D01","70","13","11","37","49","1","2.4","34","221","266"
"R39","D02","103","31","8","56","64","1","2.73","43","298","392"
"R39","D03","41","12","1","22","23","1","2.02","24","143","176"
"R39","D04","44","12","1","25","26","1","2.07","25","139","182"
"R39","D05","52","17","1","27","29","1","2.2","34","198","232"
"R39","D06","60","21","29","7","37","1","2.07","19","141","168"
"R39","D07","76","16","23","29","53","1","2.42","38","244","292"
"R39","D08","72","8","59","0","59","0","2.33","27","124","198"
"R39","D09","42","12","1","21","23","1","2.02","23","112","171"
"R39","D10","53","26","1","23","25","1","2.07","24","180","191"
"R40","D01","69","6","28","21","50","1","2.3","29","238","221"
"R40","D02","105","22","37","36","73","1","2.73","39","314","347"
"R40","D03","38","7","8","20","28","1","2.02","19","160","140"
"R40","D04","40","5","26","5","32","1","1.63","20","155","146"
"R40","D05","47","14","14","16","30","1","2.02","28","214","187"
"R40","D06","64","15","24","21","46","1","2.11","27","157","177"
"R40","D07","70","8","37","16","53","1","2.33","32","260","247"
"R40","D08","50","11","13","20","34","1","1.78","28","140","179"
"R40","D09","31","7","8","13","21","1","1.9","17","72","131"
"R40","D10","54","21","24","4","29","1","2.98","19","196","156"
"R41","D01","27","4","17","0","17","0","2.59","13","63","76"
"R41","D02","48","23","9","8","18","1","1.82","15","65","98"
"R41","D03","39","10","0","24","25","0","2.11","22","151","182"
"R41","D04","48","14","4","22","27","1","1.71","23","153","188"
"R41","D05","32","19","0","9","10","0","1.68","16","81","94"
"R41","D06","-1","-1","-1","-1","-1","0","0.0","38","279","345"
"R41","D07","9","4","5","0","5","0","1.28","6","27","21"
"R41","D08","54","15","6","26","33","1","1.88","31","124","214"
"R41","D09","50","11","0","31","32","0","2.07","24","138","150"
"R41","D10","49","21","2","18","20","1","1.98","20","118","163"
"R42","D01","23","2","18","0","18","0","1.59","12","61","71"
"R42","D02","46","24","8","8","17","1","1.75","16","67","103"
"R42","D03","36","12","0","24","24","0","2.07","22","149","176"
"R42","D04","43","18","0","24","24","0","2.07","23","151","183"
"R42","D05","30","20","0","9","9","0","1.68","15","79","89"
"R42","D06","75","18","7","46","53","1","2.45","37","277","341"
"R42","D07","6","3","3","0","3","0","1.28","5","25","19"
"R42","D08","51","16","5","26","32","1","1.86","30","122","212"
"R42","D09","43","3","31","0","31","0","2.98","23","136","145"
"R42","D10","48","30","0","18","18","0","1.94","19","116","158"
"R43","D01","35","8","11","9","20","1","1.86","18","94","118"
"R43","D02","38","16","19","0","19","0","1.59","11","35","59"
"R43","D03","43","7","4","29","33","1","2.24","28","181","224"
"R43","D04","51","14","4","29","33","1","2.24","29","184","231"
"R43","D05","37","16","4","14","18","1","1.9","21","111","137"
"R43","D06","83","14","11","51","62","1","2.49","42","309","384"
"R43","D07","25","6","19","0","19","0","1.59","13","58","64"
"R43","D08","71","19","26","20","47","1","2.02","31","155","236"
"R43","D09","53","11","4","30","34","1","2.2","29","168","192"
"R43","D10","56","25","4","23","27","1","2.11","25","149","206"
"R44","D01","33","9","8","9","17","1","1.86","19","93","112"
"R44","D02","37","21","14","0","14","0","1.49","13","38","62"
"R44","D03","42","9","1","29","30","1","2.24","28","181","218"
"R44","D04","48","15","1","29","30","1","2.24","29","183","224"
"R44","D05","35","17","1","14","16","1","1.86","21","110","130"
"R44","D06","81","15","8","51","60","1","2.48","43","308","378"
"R44","D07","23","5","16","0","16","0","1.49","14","57","57"
"R44","D08","62","17","9","28","37","1","2.3","33","154","233"
"R44","D09","50","12","1","30","31","1","2.2","30","168","186"
"R44","D10","53","27","1","23","24","1","2.07","25","148","200"
"R45","D01","35","10","9","9","18","1","1.4","16","88","111"
"R45","D02","40","14","23","0","23","0","1.68","12","49","68"
"R45","D03","44","9","2","29","31","1","2.24","26","175","216"
"R45","D04","51","16","2","29","31","1","2.24","27","178","223"
"R45","D05","38","18","2","14","16","1","1.9","19","105","129"
"R45","D06","83","16","9","51","61","1","2.48","41","303","376"
"R45","D07","22","4","18","0","18","0","1.49","11","52","56"
"R45","D08","69","12","25","23","49","1","2.36","32","149","228"
"R45","D09","53","13","2","30","32","1","2.2","27","162","185"
"R45","D10","56","27","2","23","25","1","1.69","23","143","198"
"R46","D01","9","2","7","0","7","0","1.28","7","54","27"
"R46","D02","44","18","8","14","22","1","1.94","21","98","148"
"R46","D03","25","5","0","19","19","0","1.94","16","168","134"
"R46","D04","31","12","0","19","19","0","1.94","17","170","141"
"R46","D05","18","13","0","4","4","0","1.28","8","98","46"
"R46","D06","63","12","7","41","48","1","2.4","37","296","306"
"R46","D07","20","11","9","0","9","0","1.28","9","18","39"
"R46","D08","56","8","11","28","40","1","2.03","31","141","241"
"R46","D09","31","8","0","20","20","0","1.9","18","155","105"
"R46","D10","35","16","1","13","14","1","1.82","13","135","116"
"R47","D01","37","37","0","0","0","0","0.0","10","66","37"
"R47","D02","53","20","15","12","27","1","1.98","24","110","143"
"R47","D03","35","8","1","19","21","1","1.98","19","104","138"
"R47","D04","40","15","1","19","21","1","1.98","20","107","144"
"R47","D05","28","16","1","4","6","1","1.38","12","34","50"
"R47","D06","75","20","7","41","49","1","2.42","40","232","306"
"R47","D07","25","17","7","0","7","0","1.28","12","30","34"
"R47","D08","65","20","9","28","38","1","2.33","33","153","241"
"R47","D09","42","11","1","20","22","1","1.9","21","91","106"
"R47","D10","47","23","3","13","16","1","1.86","17","72","120"
"R48","D01","25","3","22","0","22","0","2.75","15","62","86"
"R48","D02","50","21","13","10","23","1","1.9","16","73","111"
"R48","D03","41","9","0","27","27","0","2.2","25","146","192"
"R48","D04","46","6","13","23","37","1","2.15","26","148","198"
"R48","D05","34","17","0","12","12","0","1.82","18","76","104"
"R48","D06","80","16","7","49","56","1","2.54","38","274","330"
"R48","D07","12","2","9","0","9","0","2.28","9","26","36"
"R48","D08","45","13","5","23","28","1","1.76","30","119","195"
"R48","D09","43","7","21","10","31","1","1.55","26","133","149"
"R48","D10","53","27","0","21","21","0","2.02","22","113","173"
"R49","D01","27","6","21","0","21","0","2.68","15","63","86"
"R49","D02","51","22","13","10","23","1","1.9","16","74","112"
"R49","D03","42","10","0","27","27","0","2.2","25","150","191"
"R49","D04","44","6","12","23","36","1","2.15","26","153","197"
"R49","D05","35","18","0","12","12","0","1.82","18","80","104"
"R49","D06","80","16","7","49","56","1","2.54","37","278","327"
"R49","D07","13","5","8","0","8","0","2.28","9","27","36"
"R49","D08","46","14","5","23","28","1","1.76","30","123","197"
"R49","D09","41","6","19","10","30","1","1.53","25","137","147"
"R49","D10","53","28","0","21","21","0","2.02","22","118","173"
"R50","D01","46","9","25","7","32","1","1.98","23","97","131"
"R50","D02","62","21","26","6","32","1","1.94","17","115","145"
"R50","D03","50","11","2","32","35","1","2.24","30","134","216"
"R50","D04","45","7","2","31","34","1","2.24","32","136","222"
"R50","D05","44","15","0","22","22","0","2.07","25","64","143"
"R50","D06","89","13","2","69","72","1","2.45","39","262","352"
"R50","D07","32","11","3","12","16","1","1.86","18","61","87"
"R50","D08","41","11","5","19","25","1","1.62","23","83","145"
"R50","D09","42","8","9","18","27","1","1.89","26","121","172"
"R50","D10","63","25","0","31","31","0","2.24","31","101","207"
